participant,exp,Gender,Age
55e49dccc70c7a000d2a57e5,memory,Female,31
5cb7d2f8f0e73600180b9555,memory,Female,36
5d27face6543780001951271,memory,Female,30
5d5ff4697721bf0015083888,memory,Female,46
5da29f43e0e3c20012fd9d46,memory,Female,25
5db508259ca75a000d583b9a,memory,Female,19
5dd2e29b2c5c102e6454227a,memory,Female,28
5e53eb33ef87a902f39b1b77,memory,Male,25
5e94c36719906c0b953bea4c,memory,Male,44
5eb89eb4adb9350fb8fc895c,memory,Female,23
5f1085a425f85f0b96b36719,memory,Male,28
5f6daa6a2a8a3e22518b10e0,memory,Male,21
5fbd7394725db215bf27e0a5,memory,Female,33
60b05d5bc60741f30dd410a0,memory,Female,33
60fcbd8c2fa267d7e2c04e88,memory,Female,21
60fd939463ee2094a0ad7082,memory,Female,24
60ff10899697dd7bdbdac10f,memory,Female,21
6100c1e6c313cc2fc5ab3335,memory,Female,28
610421096c1af729ade5aac1,memory,Female,22
61057c37788e6c17adc37517,memory,Female,22
61072bb0994edb6da025a11b,memory,Female,25
6109a5154bfaad8f41606b51,memory,Female,25
610afc69d32d0b52165ca115,memory,Female,22
610c2d6cad3f3f38381bc9b6,memory,Female,23
610eedb873951ea1ebab3912,memory,Female,22
6110c38319642536b289d716,memory,Female,28
6110d421de071a61f949a5a3,memory,Female,19
6110d7e62afb7dafbc68fbaf,memory,Female,27
6111487d928672ed8b815cae,memory,Female,18
6111c4865701e1ba367af3e3,memory,Female,23
61140d2c5d85c524932a2c59,memory,Female,23
611431b8dfc10c8bb1393e8c,memory,Female,20
61153541b67ed34ecf2557d8,memory,Female,22
6116defc42273649ab0d8dc8,memory,Female,19
6122ca22ff936b11ab2aed6e,memory,Female,26
612d890c774262d7afe06380,memory,Female,26
612fab1125ea0a912c3edc62,memory,Female,22
573dacc5b3a71f00146e7d88,memory2,Female,38
5a8352feae9a0b0001a9da8f,memory2,Female,57
5a9262251eda410001360b2c,memory2,Female,38
5b05e0d131cebe000177c38e,memory2,Male,39
5b25d4db0ec82d0001d1fdde,memory2,Female,25
5b98d9362cca9c0001de161f,memory2,Male,49
5c46540c4b9ebe00012eef7f,memory2,Male,33
5d829da97f572900184a7cb1,memory2,Female,37
5d88f010859c9e0001810e88,memory2,Female,47
5dc3a77d84799a2a402e531e,memory2,Male,50
5f1b2a0146ce431186055813,memory2,Male,37
5f1f31b2a78ed40ea1d5e843,memory2,Male,19
5f53d4f0d3e03471e4eb4847,memory2,Male,41
5f5b0f1be585c32184a4cf35,memory2,Female,28
5fa4c21a04bc5912180291bc,memory2,Male,39
6078b4ad9006e4f6572dde97,memory2,Male,24
6090539b97cb68d8aaf813a3,memory2,Female,19
609ecea08adc775458870a17,memory2,Female,44
60b91e7f81b40fd08d67baaa,memory2,Female,54
60f5eba9476ad9bc1d4252e9,memory2,Male,43
60fcebda736e99e7729eb0c6,memory2,Female,20
60fd22c43ca0a22679d24c9f,memory2,Female,26
6101930ddd5330f83b898c61,memory2,Female,20
610325a6052741bbfb84bcd1,memory2,Female,25
610898813e48dc2864965122,memory2,Male,25
6111299ba7aede3df217d7fe,memory2,Female,20
6112a0826f404dc5c6ece834,memory2,Female,28
611688156f6d22853511ffb3,memory2,Male,20
6123437590813a40d1fad393,memory2,Female,19
6126ad6624eb5fa24cc7eacb,memory2,Male,44
61292a3404d387db5b0b2a32,memory2,Male,29
612d384d2854531514c9be92,memory2,Female,28
6133f1716622e58b7ba8a8ba,memory2,Male,31
613f33f2e40fd13e4220888b,memory2,Male,25
6140adb00d791e6bd0ab2ff5,memory2,Female,31
6144b2f861393e7e248fcf00,memory2,Male,26
61452bbe86c21c0347085911,memory2,Male,26
6149fe74f3ae7e973379aac3,memory2,Male,36
614ca7f8fc7cba1b74101bfe,memory2,Male,22
614dff99a7df5de140464ec3,memory2,Male,45
6150c10799b5a7741caf1dec,memory2,Male,18
6152555256f6a092ea9a4ff4,memory2,Male,37
61589a4cf5deaf0be63bf31e,memory2,Female,24
615ddab1e4f013092538b6c5,memory2,Male,58
616480e6749791ef8dcad5b3,memory2,Male,30
6165a8ee6dde7ff6f4b22e6f,memory2,Female,31
558812eefdf99b14f004b722,memory_color_short,Male,36
582ee44408b46b00010dbb07,memory_color_short,Male,33
583862506be00b0001cf8506,memory_color_short,Male,30
58fd1e751178370001dd35bb,memory_color_short,Female,47
58fdcd2be219d00001ee5aa0,memory_color_short,Male,31
596cf4aae2a6a700014cade1,memory_color_short,Male,38
596f003434773e0001fc0d28,memory_color_short,Female,41
59fdb129728b1b0001ad871d,memory_color_short,Female,43
5a1e5764074b1900012532c2,memory_color_short,Female,28
5aea84c762ac0e0001096de0,memory_color_short,Male,32
5b3fdff9d67d210001d58ac5,memory_color_short,Female,34
5b71c56d457b53000118dec7,memory_color_short,Female,23
5baa8cafc67122000123cab1,memory_color_short,Male,21
5c276057336b1500015078e9,memory_color_short,Male,32
5c49a5f7cfaf510001550a96,memory_color_short,Female,55
5c5a5234819b0c0001704f23,memory_color_short,Female,29
5d59d1c4f6a63300198681e8,memory_color_short,Female,45
5d5f0b2e0e71190019c643f7,memory_color_short,Other,23
5d6ab68809f9270001dac666,memory_color_short,Male,23
5d74fcd6515c8b0001ed0c30,memory_color_short,Male,36
5d8a77b716a9bf0001d969aa,memory_color_short,Female,21
5ddc2ee14524e7b8ce23cf4c,memory_color_short,Other,40
5e0fe5cc2fc4786f5a0205c0,memory_color_short,Female,34
5e68691662358c10f5adb901,memory_color_short,Male,38
5e6ca4b9a2b73d25c187ae61,memory_color_short,Male,38
5ea302aeb39fb424ac3b7e36,memory_color_short,Female,42
5ead868fe65d1f41dac2ebd4,memory_color_short,Male,23
5ee29028fb6eba3d81ebf0f9,memory_color_short,Female,24
5ee6fc62447e98486758afc6,memory_color_short,Male,28
5f0c61f219803a07239a4269,memory_color_short,Female,38
5f11f98efbaf2b0ef855ec6b,memory_color_short,Female,22
5f32bc368853aa03df112fc6,memory_color_short,Female,22
5f511ab38505ac2e8fbfac5e,memory_color_short,Female,22
5f59418fd49cef17cc2056a0,memory_color_short,Male,24
5f6f44e9451a3b0836b5d32c,memory_color_short,Male,45
5f7672195173b4112df5ae1f,memory_color_short,Male,24
5f99e87c962bbc0cf6dc92d2,memory_color_short,Male,23
5f9b328656ea6932eb0a2400,memory_color_short,Female,44
5fa4ce917648f90008a584ab,memory_color_short,Female,25
5fbc1367373b9307763985c0,memory_color_short,Other,24
601981d7485c3e0a342183a5,memory_color_short,Female,24
602053cceadd2f6616479d74,memory_color_short,Male,42
60395b3328bb6047f0bea27b,memory_color_short,Male,54
610041aee58af3bd8a5a7478,memory_color_short,Female,19
61004f3450dcefc6213425c8,memory_color_short,Female,27
6103adf779d6468e50941433,memory_color_short,Male,24
55ae64defdf99b3f864653e7,memory_color_long,Female,25
56d9ee15610fc00005b71979,memory_color_long,Male,45
5788cc99c9abeb0001af20a7,memory_color_long,Female,55
5798be2b913c710001976173,memory_color_long,Male,29
57bdccc4761a3a0001a7d098,memory_color_long,Male,33
58a477c660cd820001e9a5d6,memory_color_long,Female,0
5a33d736bf4d770001e6097a,memory_color_long,Female,48
5accdd6587e271000171be3e,memory_color_long,Female,23
5b09da13641b1200010eab05,memory_color_long,Male,24
5bb97d1df1f9ba000141566b,memory_color_long,Male,31
5bde3d1a3ec77c0001bddc37,memory_color_long,Female,34
5c9d68f2e4a1e70001fe291e,memory_color_long,Other,18
5d39f1b6b056910001951b9a,memory_color_long,Male,25
5da880819413e4001505d6b4,memory_color_long,Male,25
5daca5b06aa37b00126c8d41,memory_color_long,Female,24
5db103ed236ef00013611a6f,memory_color_long,Female,38
5de938ece4d1830288b70b33,memory_color_long,Male,34
5e1553fd1e2e58b6448d8dcc,memory_color_long,Male,21
5e861812b23b0a22ef59c4ee,memory_color_long,Female,31
5eb97048fcd12c0594dbf1f9,memory_color_long,Male,33
5eba75d1758c7a1cffb62685,memory_color_long,Male,22
5ebb26803576b50eb12d87d9,memory_color_long,Female,25
5ebb48aefede09116c27f0f8,memory_color_long,Female,25
5ebc55844e4f7f08eff7734d,memory_color_long,Male,29
5ecc5a663823de80ecbe966a,memory_color_long,Male,59
5ede432f75bfd1073c1501d8,memory_color_long,Female,26
5ee2c239f4ec4b804a79cf80,memory_color_long,Female,20
5f16c677bc5f86028f33fc62,memory_color_long,Female,20
5f501399c8c9cc17d6118e60,memory_color_long,Male,24
5f6e72f4f0d70a3c02af4ee6,memory_color_long,Female,42
5f9f6e40ea7f965ca33bf97f,memory_color_long,Female,27
5fadeb340e10471fdeb5fbf5,memory_color_long,Male,23
5fde82a1dd8cf15d19961474,memory_color_long,Male,39
6011d8bbd7b6f71a622e06d2,memory_color_long,Female,32
6017c3b1a4e4aaa45656b73f,memory_color_long,Male,31
602451f15e338c12534710d0,memory_color_long,Female,22
6035a9101015046a77be27b2,memory_color_long,Male,39
6096a175a2933cf1f6987fc4,memory_color_long,Female,31
60fd7cda95936026b622bef3,memory_color_long,Male,22
60fe1a9d554d192b202ed74d,memory_color_long,Female,23
6101599f715789af3c45bb5c,memory_color_long,Female,22
6102c81e911700cf7ba5f6bd,memory_color_long,Male,33
6102d892986a0f83785e2470,memory_color_long,Male,32
610711919fb0266145523caf,memory_color_long,Female,30
610814d52974ad90f90174f7,memory_color_long,Female,35
61119e35715393a10be3485f,memory_color_long,Female,26
616f2dc24df7a8664076ceab,memory_color_long,Male,30
